F1 score,RAW,Remove Emoji,Emoji to Description,Remove punctuation
negative,0.9965337955,0.9973980919,0.9956634866,0.9973980919
neutral,0.9655172414,0.9885057471,0.9647058824,0.9885057471
positive,0.9984,0.9984,0.9960031974,0.9984
