CATEGORY,PRECISION,RECALL,F1
negative,0.9965337955,0.9965337955,0.9965337955
neutral,0.9545454545,0.976744186,0.9655172414
positive,0.9984,0.9984,0.9984
