{
  "token_acc":1.0,
  "token_p":0.2067431605,
  "token_r":0.4001939269,
  "token_f":0.27263899,
  "cats_score":0.9973085522,
  "cats_score_desc":"macro AUC",
  "cats_micro_p":0.970354238,
  "cats_micro_r":0.9595218213,
  "cats_micro_f":0.9649076284,
  "cats_macro_p":0.9755640114,
  "cats_macro_r":0.9692283586,
  "cats_macro_f":0.9716685347,
  "cats_macro_auc":0.9973085522,
  "cats_f_per_type":{
    "\u7403\u54e1":{
      "p":0.9516145156,
      "r":0.9920792079,
      "f":0.9714256557
    },
    "\u6559\u7df4":{
      "p":0.9908069459,
      "r":0.9918200409,
      "f":0.9913132345
    },
    "\u88c1\u5224":{
      "p":0.9644646925,
      "r":0.9760258183,
      "f":0.9702108158
    },
    "\u6230\u8853":{
      "p":0.9733201581,
      "r":0.9959555106,
      "f":0.9845077461
    },
    "\u7403\u968a":{
      "p":0.9976137448,
      "r":0.8902612152,
      "f":0.9408852213
    }
  },
  "cats_auc_per_type":{
    "\u7403\u54e1":0.9962518045,
    "\u6559\u7df4":0.9992898306,
    "\u88c1\u5224":0.9977294031,
    "\u6230\u8853":0.9980009249,
    "\u7403\u968a":0.9952707978
  },
  "speed":4990.5040572397
}