{
  "token_acc":1.0,
  "token_p":0.2082041498,
  "token_r":0.4060210899,
  "token_f":0.2752582289,
  "cats_score":0.9973097822,
  "cats_score_desc":"macro AUC",
  "cats_micro_p":0.9894019349,
  "cats_micro_r":0.9888366369,
  "cats_micro_f":0.9891192052,
  "cats_macro_p":0.9897095913,
  "cats_macro_r":0.9879037181,
  "cats_macro_f":0.9887754518,
  "cats_macro_auc":0.9973097822,
  "cats_f_per_type":{
    "\u7403\u54e1":{
      "p":0.9866971524,
      "r":0.9894736842,
      "f":0.9880834678
    },
    "\u6559\u7df4":{
      "p":0.9918283963,
      "r":0.9928425358,
      "f":0.9923352069
    },
    "\u88c1\u5224":{
      "p":0.9929378531,
      "r":0.9723374827,
      "f":0.9825296995
    },
    "\u6230\u8853":{
      "p":0.9823627288,
      "r":0.9949443883,
      "f":0.9886135298
    },
    "\u7403\u968a":{
      "p":0.994721826,
      "r":0.9899204997,
      "f":0.9923153551
    }
  },
  "cats_auc_per_type":{
    "\u7403\u54e1":0.9957767854,
    "\u6559\u7df4":0.9994157656,
    "\u88c1\u5224":0.9973287192,
    "\u6230\u8853":0.9977757503,
    "\u7403\u968a":0.9962518903
  },
  "speed":4697.4033207141
}