{
  "token_acc":1.0,
  "token_p":0.1954942631,
  "token_r":0.3905488942,
  "token_f":0.2605612482,
  "cats_score":0.996718111,
  "cats_score_desc":"macro AUC",
  "cats_micro_p":0.9883780391,
  "cats_micro_r":0.9787322193,
  "cats_micro_f":0.9835314799,
  "cats_macro_p":0.98753968,
  "cats_macro_r":0.9819848621,
  "cats_macro_f":0.9846861569,
  "cats_macro_auc":0.996718111,
  "cats_f_per_type":{
    "\u7403\u54e1":{
      "p":0.9865076875,
      "r":0.9830119854,
      "f":0.9847567342
    },
    "\u6559\u7df4":{
      "p":0.9918283963,
      "r":0.9928425358,
      "f":0.9923352069
    },
    "\u88c1\u5224":{
      "p":0.9805465493,
      "r":0.9760258183,
      "f":0.9782809612
    },
    "\u6230\u8853":{
      "p":0.9814015277,
      "r":0.9959555106,
      "f":0.9886249582
    },
    "\u7403\u968a":{
      "p":0.9974142389,
      "r":0.9620884603,
      "f":0.9794329242
    }
  },
  "cats_auc_per_type":{
    "\u7403\u54e1":0.9927067985,
    "\u6559\u7df4":0.9994098091,
    "\u88c1\u5224":0.9978671189,
    "\u6230\u8853":0.9983894385,
    "\u7403\u968a":0.9952173901
  },
  "speed":4612.1891613498
}