{
  "token_acc":1.0,
  "token_p":0.3308169104,
  "token_r":0.5241752707,
  "token_f":0.4056318815,
  "cats_score":0.999968591,
  "cats_score_desc":"macro AUC",
  "cats_micro_p":0.9959871589,
  "cats_micro_r":0.9967871486,
  "cats_micro_f":0.9963869932,
  "cats_macro_p":0.98315975,
  "cats_macro_r":0.9905593272,
  "cats_macro_f":0.9868170123,
  "cats_macro_auc":0.999968591,
  "cats_f_per_type":{
    "negative":{
      "p":0.9965337955,
      "r":0.9965337955,
      "f":0.9965337955
    },
    "neutral":{
      "p":0.9545454545,
      "r":0.976744186,
      "f":0.9655172414
    },
    "positive":{
      "p":0.9984,
      "r":0.9984,
      "f":0.9984
    }
  },
  "cats_auc_per_type":{
    "negative":0.9999896221,
    "neutral":0.9999419572,
    "positive":0.9999741935
  },
  "speed":1310.3906452112
}