METHOD,SCORE,MARCO_P,MARCO_R,MARCO_F1
RAW,0.999968591,0.98315975,0.9905593272,0.9868170123
Remove Emoji,0.9999814894,0.9913122054,0.9983112652,0.9947679464
Emoji to Description,0.999898138,0.9893086406,0.9816963551,0.9854575221
Remove Punctuation,0.9992386527,0.9913122054,0.9983112652,0.9947679464
