F1 score,RAW,Remove Emoji,Emoji to Description (zh),Emoji to Description (en),Remove punctuation
比賽,0.9794653235,0.9858678785,0.9803096822,0.9612684147,0.9578277517
加油,0.9633418585,0.9735575679,0.9522435579,0.9587835525,0.9562694089
轉播,0.9756690998,0.9769137303,0.9765182186,0.9769137303,0.9765182186
閒聊,0.9728491713,0.9793364133,0.9791546511,0.9545589546,0.9336413606
