F1 score,RAW,Remove Emoji,Emoji to Description (zh),Emoji to Description (en),Remove punctuation
比賽,0.9788765208,0.9855136939,0.9827468308,0.9560465056,0.9849117532
加油,0.962612635,0.9732559345,0.9490729172,0.9582699946,0.9725551232
轉播,0.9806663924,0.9823263461,0.9819227609,0.9823263461,0.9795249795
閒聊,0.972883461,0.9794895359,0.9768381141,0.9550785385,0.9776741374
