{
  "token_acc":1.0,
  "token_p":0.2266977144,
  "token_r":0.4274481921,
  "token_f":0.2962688513,
  "cats_score":0.994050485,
  "cats_score_desc":"macro AUC",
  "cats_micro_p":0.9824126591,
  "cats_micro_r":0.96392078,
  "cats_micro_f":0.973078875,
  "cats_macro_p":0.9823227501,
  "cats_macro_r":0.9632475407,
  "cats_macro_f":0.9726451557,
  "cats_macro_auc":0.994050485,
  "cats_f_per_type":{
    "\u6bd4\u8cfd":{
      "p":0.9885708239,
      "r":0.9769910579,
      "f":0.9827468308
    },
    "\u52a0\u6cb9":{
      "p":0.9703628002,
      "r":0.9286971831,
      "f":0.9490729172
    },
    "\u8f49\u64ad":{
      "p":0.988420182,
      "r":0.9755102041,
      "f":0.9819227609
    },
    "\u9592\u804a":{
      "p":0.9819371945,
      "r":0.9717917179,
      "f":0.9768381141
    }
  },
  "cats_auc_per_type":{
    "\u6bd4\u8cfd":0.9951624069,
    "\u52a0\u6cb9":0.9898670652,
    "\u8f49\u64ad":0.9951833764,
    "\u9592\u804a":0.9959890914
  },
  "speed":4650.9222706378
}