{
  "token_acc":1.0,
  "token_p":0.2202736243,
  "token_r":0.4234997809,
  "token_f":0.2898095226,
  "cats_score":0.9776120745,
  "cats_score_desc":"macro AUC",
  "cats_micro_p":0.9584608762,
  "cats_micro_r":0.943279437,
  "cats_micro_f":0.9508095605,
  "cats_macro_p":0.9607026381,
  "cats_macro_r":0.9535368965,
  "cats_macro_f":0.956064185,
  "cats_macro_auc":0.9776120745,
  "cats_f_per_type":{
    "\u6bd4\u8cfd":{
      "p":0.9864482088,
      "r":0.9308212358,
      "f":0.9578277517
    },
    "\u52a0\u6cb9":{
      "p":0.994599174,
      "r":0.9207843137,
      "f":0.9562694089
    },
    "\u8f49\u64ad":{
      "p":0.9686746988,
      "r":0.9844897959,
      "f":0.9765182186
    },
    "\u9592\u804a":{
      "p":0.8930884706,
      "r":0.9780522407,
      "f":0.9336413606
    }
  },
  "cats_auc_per_type":{
    "\u6bd4\u8cfd":0.9666954868,
    "\u52a0\u6cb9":0.9574791097,
    "\u8f49\u64ad":0.9946092852,
    "\u9592\u804a":0.9916644165
  },
  "speed":3746.961195083
}