{
  "token_acc":1.0,
  "token_p":0.158912431,
  "token_r":0.3774628826,
  "token_f":0.2236625839,
  "cats_score":0.9840643022,
  "cats_score_desc":"macro AUC",
  "cats_micro_p":0.9604181874,
  "cats_micro_r":0.9537260037,
  "cats_micro_f":0.957060397,
  "cats_macro_p":0.9700519408,
  "cats_macro_r":0.956439993,
  "cats_macro_f":0.9629303462,
  "cats_macro_auc":0.9840643022,
  "cats_f_per_type":{
    "\u6bd4\u8cfd":{
      "p":0.9428004881,
      "r":0.9696700309,
      "f":0.9560465056
    },
    "\u52a0\u6cb9":{
      "p":0.9608614416,
      "r":0.9556924883,
      "f":0.9582699946
    },
    "\u8f49\u64ad":{
      "p":0.9892384106,
      "r":0.9755102041,
      "f":0.9823263461
    },
    "\u9592\u804a":{
      "p":0.987307423,
      "r":0.9248872489,
      "f":0.9550785385
    }
  },
  "cats_auc_per_type":{
    "\u6bd4\u8cfd":0.9707252892,
    "\u52a0\u6cb9":0.9904829944,
    "\u8f49\u64ad":0.9947860648,
    "\u9592\u804a":0.9802628604
  },
  "speed":5917.9814429251
}