{
  "token_acc":1.0,
  "token_p":0.2289600553,
  "token_r":0.4338333639,
  "token_f":0.2997329427,
  "cats_score":0.9955167645,
  "cats_score_desc":"macro AUC",
  "cats_micro_p":0.978286011,
  "cats_micro_r":0.9691818458,
  "cats_micro_f":0.973712648,
  "cats_macro_p":0.9784797905,
  "cats_macro_r":0.9677062023,
  "cats_macro_f":0.9728313633,
  "cats_macro_auc":0.9955167645,
  "cats_f_per_type":{
    "\u6bd4\u8cfd":{
      "p":0.9677419355,
      "r":0.9914762328,
      "f":0.9794653235
    },
    "\u52a0\u6cb9":{
      "p":0.9884738088,
      "r":0.9394561815,
      "f":0.9633418585
    },
    "\u8f49\u64ad":{
      "p":0.9693795326,
      "r":0.9820408163,
      "f":0.9756690998
    },
    "\u9592\u804a":{
      "p":0.9883238853,
      "r":0.9578515785,
      "f":0.9728491713
    }
  },
  "cats_auc_per_type":{
    "\u6bd4\u8cfd":0.9955077681,
    "\u52a0\u6cb9":0.9971375287,
    "\u8f49\u64ad":0.9940069126,
    "\u9592\u804a":0.9954148485
  },
  "speed":4018.2434769638
}