{
  "token_acc":1.0,
  "token_p":0.2289600553,
  "token_r":0.4338333639,
  "token_f":0.2997329427,
  "cats_score":0.9958967303,
  "cats_score_desc":"macro AUC",
  "cats_micro_p":0.9760438217,
  "cats_micro_r":0.9707718568,
  "cats_micro_f":0.973400701,
  "cats_macro_p":0.9800759495,
  "cats_macro_r":0.9677234285,
  "cats_macro_f":0.9737597523,
  "cats_macro_auc":0.9958967303,
  "cats_f_per_type":{
    "\u6bd4\u8cfd":{
      "p":0.9692418106,
      "r":0.9887047011,
      "f":0.9788765208
    },
    "\u52a0\u6cb9":{
      "p":0.9802291392,
      "r":0.9456181534,
      "f":0.962612635
    },
    "\u8f49\u64ad":{
      "p":0.9883913765,
      "r":0.9730612245,
      "f":0.9806663924
    },
    "\u9592\u804a":{
      "p":0.9824414716,
      "r":0.9635096351,
      "f":0.972883461
    }
  },
  "cats_auc_per_type":{
    "\u6bd4\u8cfd":0.995629167,
    "\u52a0\u6cb9":0.9969856946,
    "\u8f49\u64ad":0.9947535097,
    "\u9592\u804a":0.99621855
  },
  "speed":4200.6196078576
}