{
  "token_acc":1.0,
  "token_p":0.2302861661,
  "token_r":0.4383908206,
  "token_f":0.3019554832,
  "cats_score":0.992478075,
  "cats_score_desc":"macro AUC",
  "cats_micro_p":0.9858634617,
  "cats_micro_r":0.97569893,
  "cats_micro_f":0.9807548603,
  "cats_macro_p":0.986751921,
  "cats_macro_r":0.9738436515,
  "cats_macro_f":0.9801463776,
  "cats_macro_auc":0.992478075,
  "cats_f_per_type":{
    "\u6bd4\u8cfd":{
      "p":0.9892269048,
      "r":0.9818282548,
      "f":0.9855136939
    },
    "\u52a0\u6cb9":{
      "p":0.9957577686,
      "r":0.9517486062,
      "f":0.9732559345
    },
    "\u8f49\u64ad":{
      "p":0.9892384106,
      "r":0.9755102041,
      "f":0.9823263461
    },
    "\u9592\u804a":{
      "p":0.9727846001,
      "r":0.986287541,
      "f":0.9794895359
    }
  },
  "cats_auc_per_type":{
    "\u6bd4\u8cfd":0.992295997,
    "\u52a0\u6cb9":0.9869675395,
    "\u8f49\u64ad":0.995685197,
    "\u9592\u804a":0.9949635663
  },
  "speed":4157.7164972042
}