{
  "token_acc":1.0,
  "token_p":0.1589249992,
  "token_r":0.3775678796,
  "token_f":0.223693463,
  "cats_score":0.9872047129,
  "cats_score_desc":"macro AUC",
  "cats_micro_p":0.9578932643,
  "cats_micro_r":0.9606706105,
  "cats_micro_f":0.9592799272,
  "cats_macro_p":0.9640491044,
  "cats_macro_r":0.962587922,
  "cats_macro_f":0.962881163,
  "cats_macro_auc":0.9872047129,
  "cats_f_per_type":{
    "\u6bd4\u8cfd":{
      "p":0.9391837956,
      "r":0.984416671,
      "f":0.9612684147
    },
    "\u52a0\u6cb9":{
      "p":0.9585492228,
      "r":0.9590179969,
      "f":0.9587835525
    },
    "\u8f49\u64ad":{
      "p":0.9694533762,
      "r":0.9844897959,
      "f":0.9769137303
    },
    "\u9592\u804a":{
      "p":0.9890100229,
      "r":0.9224272243,
      "f":0.9545589546
    }
  },
  "cats_auc_per_type":{
    "\u6bd4\u8cfd":0.9772276226,
    "\u52a0\u6cb9":0.9918109408,
    "\u8f49\u64ad":0.9942348796,
    "\u9592\u804a":0.9855454086
  },
  "speed":5679.3835261235
}