{
  "token_acc":1.0,
  "token_p":0.2266178932,
  "token_r":0.4273908462,
  "token_f":0.2961869079,
  "cats_score":0.9939877596,
  "cats_score_desc":"macro AUC",
  "cats_micro_p":0.9807208319,
  "cats_micro_r":0.9658381462,
  "cats_micro_f":0.9732225953,
  "cats_macro_p":0.9767813291,
  "cats_macro_r":0.967530534,
  "cats_macro_f":0.9720565274,
  "cats_macro_auc":0.9939877596,
  "cats_f_per_type":{
    "\u6bd4\u8cfd":{
      "p":0.9856735039,
      "r":0.975003922,
      "f":0.9803096822
    },
    "\u52a0\u6cb9":{
      "p":0.9689208342,
      "r":0.9361306729,
      "f":0.9522435579
    },
    "\u8f49\u64ad":{
      "p":0.9686746988,
      "r":0.9844897959,
      "f":0.9765182186
    },
    "\u9592\u804a":{
      "p":0.9838562795,
      "r":0.974497745,
      "f":0.9791546511
    }
  },
  "cats_auc_per_type":{
    "\u6bd4\u8cfd":0.9954765997,
    "\u52a0\u6cb9":0.9906450584,
    "\u8f49\u64ad":0.9947692708,
    "\u9592\u804a":0.9950601097
  },
  "speed":4369.2367465958
}