{
  "token_acc":1.0,
  "token_p":0.2302861661,
  "token_r":0.4383908206,
  "token_f":0.3019554832,
  "cats_score":0.9918495325,
  "cats_score_desc":"macro AUC",
  "cats_micro_p":0.9851469323,
  "cats_micro_r":0.9764545299,
  "cats_micro_f":0.9807814719,
  "cats_macro_p":0.9819761424,
  "cats_macro_r":0.9761056458,
  "cats_macro_f":0.9789188975,
  "cats_macro_auc":0.9918495325,
  "cats_f_per_type":{
    "\u6bd4\u8cfd":{
      "p":0.9861958088,
      "r":0.9855401662,
      "f":0.9858678785
    },
    "\u52a0\u6cb9":{
      "p":0.994397463,
      "r":0.9535732387,
      "f":0.9735575679
    },
    "\u8f49\u64ad":{
      "p":0.9694533762,
      "r":0.9844897959,
      "f":0.9769137303
    },
    "\u9592\u804a":{
      "p":0.9778579217,
      "r":0.9808193825,
      "f":0.9793364133
    }
  },
  "cats_auc_per_type":{
    "\u6bd4\u8cfd":0.9934220669,
    "\u52a0\u6cb9":0.9846703355,
    "\u8f49\u64ad":0.9952235004,
    "\u9592\u804a":0.9940822272
  },
  "speed":4209.1827071551
}