{
  "token_acc":1.0,
  "token_p":0.2168894426,
  "token_r":0.4192891637,
  "token_f":0.2858926474,
  "cats_score":0.9918908634,
  "cats_score_desc":"macro AUC",
  "cats_micro_p":0.9852630007,
  "cats_micro_r":0.9742523077,
  "cats_micro_f":0.9797267191,
  "cats_macro_p":0.9846052107,
  "cats_macro_r":0.9730460267,
  "cats_macro_f":0.9786664983,
  "cats_macro_auc":0.9918908634,
  "cats_f_per_type":{
    "\u6bd4\u8cfd":{
      "p":0.9898718594,
      "r":0.980001108,
      "f":0.9849117532
    },
    "\u52a0\u6cb9":{
      "p":0.9959621719,
      "r":0.9502230333,
      "f":0.9725551232
    },
    "\u8f49\u64ad":{
      "p":0.9827444536,
      "r":0.9763265306,
      "f":0.9795249795
    },
    "\u9592\u804a":{
      "p":0.9698423578,
      "r":0.9856334349,
      "f":0.9776741374
    }
  },
  "cats_auc_per_type":{
    "\u6bd4\u8cfd":0.991289237,
    "\u52a0\u6cb9":0.9862808704,
    "\u8f49\u64ad":0.9956390222,
    "\u9592\u804a":0.9943543242
  },
  "speed":4045.0917786271
}