CATEGORY,PRECISION,RECALL,F1
比賽,0.9677419355,0.9914762328,0.9794653235
加油,0.9884738088,0.9394561815,0.9633418585
轉播,0.9693795326,0.9820408163,0.9756690998
閒聊,0.9883238853,0.9578515785,0.9728491713
