CATEGORY,PRECISION,RECALL,F1
比賽,0.9692418106,0.9887047011,0.9788765208
加油,0.9802291392,0.9456181534,0.962612635
轉播,0.9883913765,0.9730612245,0.9806663924
閒聊,0.9824414716,0.9635096351,0.972883461
