METHOD,SCORE,MARCO_P,MARCO_R,MARCO_F1
RAW,0.9958967303,0.9800759495,0.9677234285,0.9737597523
Remove Emoji,0.992478075,0.986751921,0.9738436515,0.9801463776
Emoji to Description (zh),0.994050485,0.9823227501,0.9632475407,0.9726451557
Emoji to Description (en),0.9840643022,0.9700519408,0.956439993,0.9629303462
Remove Punctuation,0.9918908634,0.9846052107,0.9730460267,0.9786664983
