METHOD,SCORE,MARCO_P,MARCO_R,MARCO_F1
RAW,0.9955167645,0.9784797905,0.9677062023,0.9728313633
Remove Emoji,0.9918495325,0.9819761424,0.9761056458,0.9789188975
Emoji to Description (zh),0.9939877596,0.9767813291,0.967530534,0.9720565274
Emoji to Description (en),0.9872047129,0.9640491044,0.962587922,0.962881163
Remove Punctuation,0.9776120745,0.9607026381,0.9535368965,0.956064185
