F1 score,RAW,Remove Emoji,Emoji to Description,Remove punctuation
球員,0.9880834678,0.9892942522,0.9714256557,0.9847567342
教練,0.9923352069,0.9923352069,0.9913132345,0.9923352069
裁判,0.9825296995,0.9837360595,0.9702108158,0.9782809612
戰術,0.9886135298,0.9887903631,0.9845077461,0.9886249582
球隊,0.9923153551,0.9798441734,0.9408852213,0.9794329242
