{
  "token_acc":1.0,
  "token_p":0.2100099456,
  "token_r":0.4121252121,
  "token_f":0.2782366253,
  "cats_score":0.9974977971,
  "cats_score_desc":"macro AUC",
  "cats_micro_p":0.9895693292,
  "cats_micro_r":0.9829166091,
  "cats_micro_f":0.9862317501,
  "cats_macro_p":0.9898333636,
  "cats_macro_r":0.9839363349,
  "cats_macro_f":0.986800011,
  "cats_macro_auc":0.9974977971,
  "cats_f_per_type":{
    "\u7403\u54e1":{
      "p":0.9866279672,
      "r":0.991974987,
      "f":0.9892942522
    },
    "\u6559\u7df4":{
      "p":0.9918283963,
      "r":0.9928425358,
      "f":0.9923352069
    },
    "\u88c1\u5224":{
      "p":0.9915690867,
      "r":0.9760258183,
      "f":0.9837360595
    },
    "\u6230\u8853":{
      "p":0.9817275748,
      "r":0.9959555106,
      "f":0.9887903631
    },
    "\u7403\u968a":{
      "p":0.9974137931,
      "r":0.9628828229,
      "f":0.9798441734
    }
  },
  "cats_auc_per_type":{
    "\u7403\u54e1":0.9966716121,
    "\u6559\u7df4":0.9994299582,
    "\u88c1\u5224":0.9979582635,
    "\u6230\u8853":0.998351194,
    "\u7403\u968a":0.9950779577
  },
  "speed":4591.3574092817
}