CATEGORY,PRECISION,RECALL,F1
球員,0.9866971524,0.9894736842,0.9880834678
教練,0.9918283963,0.9928425358,0.9923352069
裁判,0.9929378531,0.9723374827,0.9825296995
戰術,0.9823627288,0.9949443883,0.9886135298
球隊,0.994721826,0.9899204997,0.9923153551
