METHOD,SCORE,MARCO_P,MARCO_R,MARCO_F1
RAW,0.9973097822,0.9897095913,0.9879037181,0.9887754518
Remove Emoji,0.9974977971,0.9898333636,0.9839363349,0.986800011
Emoji to Description,0.9973085522,0.9755640114,0.9692283586,0.9716685347
Remove Punctuation,0.996718111,0.98753968,0.9819848621,0.9846861569
