F1 score,RAW,Remove Emoji,Emoji to Description,Remove punctuation
比賽,0.9793785091,0.9872477268,0.979171061,0.9863188567
加油,0.9633941786,0.9737781226,0.9468893779,0.9729254025
轉播,0.975,0.979327118,0.9797406807,0.9754131399
閒聊,0.9726400469,0.9816883662,0.9613219685,0.9799852386
