{
  "token_acc":1.0,
  "token_p":0.2283105561,
  "token_r":0.4327661143,
  "token_f":0.2989216732,
  "cats_score":0.9957700768,
  "cats_score_desc":"macro AUC",
  "cats_micro_p":0.9779233325,
  "cats_micro_r":0.9692454989,
  "cats_micro_f":0.9735650787,
  "cats_macro_p":0.9783227469,
  "cats_macro_r":0.9673710073,
  "cats_macro_f":0.9726031837,
  "cats_macro_auc":0.9957700768,
  "cats_f_per_type":{
    "\u6bd4\u8cfd":{
      "p":0.9674385319,
      "r":0.991616892,
      "f":0.9793785091
    },
    "\u52a0\u6cb9":{
      "p":0.9869604771,
      "r":0.9409270502,
      "f":0.9633941786
    },
    "\u8f49\u64ad":{
      "p":0.9703049759,
      "r":0.9797406807,
      "f":0.975
    },
    "\u9592\u804a":{
      "p":0.9885870028,
      "r":0.9571994062,
      "f":0.9726400469
    }
  },
  "cats_auc_per_type":{
    "\u6bd4\u8cfd":0.9959484803,
    "\u52a0\u6cb9":0.9969932151,
    "\u8f49\u64ad":0.9942097068,
    "\u9592\u804a":0.9959289049
  },
  "speed":3164.9726393648
}