{
  "token_acc":1.0,
  "token_p":0.2266977144,
  "token_r":0.4274481921,
  "token_f":0.2962688513,
  "cats_score":0.9903719214,
  "cats_score_desc":"macro AUC",
  "cats_micro_p":0.9694801986,
  "cats_micro_r":0.9633595997,
  "cats_micro_f":0.9664102083,
  "cats_macro_p":0.9679829514,
  "cats_macro_r":0.9660616895,
  "cats_macro_f":0.966780772,
  "cats_macro_auc":0.9903719214,
  "cats_f_per_type":{
    "\u6bd4\u8cfd":{
      "p":0.9874501462,
      "r":0.9710296502,
      "f":0.979171061
    },
    "\u52a0\u6cb9":{
      "p":0.9687883749,
      "r":0.925958529,
      "f":0.9468893779
    },
    "\u8f49\u64ad":{
      "p":0.9726468222,
      "r":0.9869387755,
      "f":0.9797406807
    },
    "\u9592\u804a":{
      "p":0.9430464621,
      "r":0.9803198032,
      "f":0.9613219685
    }
  },
  "cats_auc_per_type":{
    "\u6bd4\u8cfd":0.9956401555,
    "\u52a0\u6cb9":0.9759320152,
    "\u8f49\u64ad":0.9959453979,
    "\u9592\u804a":0.9939701169
  },
  "speed":4480.8274614324
}