{
  "token_acc":1.0,
  "token_p":0.2168894426,
  "token_r":0.4192891637,
  "token_f":0.2858926474,
  "cats_score":0.988023037,
  "cats_score_desc":"macro AUC",
  "cats_micro_p":0.9856613901,
  "cats_micro_r":0.9763446154,
  "cats_micro_f":0.980980882,
  "cats_macro_p":0.9807299946,
  "cats_macro_r":0.9768931678,
  "cats_macro_f":0.9786606594,
  "cats_macro_auc":0.988023037,
  "cats_f_per_type":{
    "\u6bd4\u8cfd":{
      "p":0.9881561388,
      "r":0.984488394,
      "f":0.9863188567
    },
    "\u52a0\u6cb9":{
      "p":0.9940759547,
      "r":0.9526561233,
      "f":0.9729254025
    },
    "\u8f49\u64ad":{
      "p":0.9633757962,
      "r":0.987755102,
      "f":0.9754131399
    },
    "\u9592\u804a":{
      "p":0.9773120887,
      "r":0.9826730518,
      "f":0.9799852386
    }
  },
  "cats_auc_per_type":{
    "\u6bd4\u8cfd":0.9910944605,
    "\u52a0\u6cb9":0.9719136966,
    "\u8f49\u64ad":0.9966153988,
    "\u9592\u804a":0.9924685923
  },
  "speed":3649.9600312176
}