{
  "token_acc":1.0,
  "token_p":0.2302861661,
  "token_r":0.4383908206,
  "token_f":0.3019554832,
  "cats_score":0.9885495144,
  "cats_score_desc":"macro AUC",
  "cats_micro_p":0.9866689623,
  "cats_micro_r":0.9777707363,
  "cats_micro_f":0.9821996964,
  "cats_macro_p":0.9837330902,
  "cats_macro_r":0.9775155396,
  "cats_macro_f":0.9805103334,
  "cats_macro_auc":0.9885495144,
  "cats_f_per_type":{
    "\u6bd4\u8cfd":{
      "p":0.9880146488,
      "r":0.9864819945,
      "f":0.9872477268
    },
    "\u52a0\u6cb9":{
      "p":0.9940865892,
      "r":0.954282818,
      "f":0.9737781226
    },
    "\u8f49\u64ad":{
      "p":0.9726247987,
      "r":0.986122449,
      "f":0.979327118
    },
    "\u9592\u804a":{
      "p":0.9802063239,
      "r":0.9831748969,
      "f":0.9816883662
    }
  },
  "cats_auc_per_type":{
    "\u6bd4\u8cfd":0.9919408482,
    "\u52a0\u6cb9":0.9726968357,
    "\u8f49\u64ad":0.9960519886,
    "\u9592\u804a":0.9935083851
  },
  "speed":4184.0407632319
}