METHOD,SCORE,MARCO_P,MARCO_R,MARCO_F1
RAW,0.9957700768,0.9783227469,0.9673710073,0.9726031837
Remove Emoji,0.9885495144,0.9837330902,0.9775155396,0.9805103334
Emoji to Description,0.9903719214,0.9679829514,0.9660616895,0.966780772
Remove Punctuation,0.988023037,0.9807299946,0.9768931678,0.9786606594
