CATEGORY,PRECISION,RECALL,F1
比賽,0.9674385319,0.991616892,0.9793785091
加油,0.9869604771,0.9409270502,0.9633941786
轉播,0.9703049759,0.9797406807,0.975
閒聊,0.9885870028,0.9571994062,0.9726400469
